target_EoverN_Td,Mean energy (eV),Mobility *N (1/m/V/s),Diffusion coefficient *N (1/m/s),Energy mobility *N (1/m/V/s),Energy diffusion coef. *N (1/m/s),Townsend ioniz. coef. alpha/N (m2),Total ionization freq. /N (m3/s),Power /N (eV m3/s),Elastic power loss /N (eV m3/s),Inelastic power loss /N (eV m3/s),mu_e_m2_V_s,D_e_m2_s,alpha_1_m,ionization_frequency_1_s
16.49402916144356,5.52819887532587,1.058379361952779e+24,7.709099882045256e+24,1.3924537404016174e+24,5.772972868530571e+24,1.3027776785363389e-24,2.7064864409758898e-20,2.6908036171084713e-16,2.4490288472528233e-17,2.7861134069239e-16,32.12076971025126,233.9635776038014,0.042926524507772366,891.7872823015556
